playerID,feature1,feature2,classification
cobbty01,3.7674,0.7400,Y
ruthba01,3.3552,0.8686,Y
wagneho01,3.7357,0.6218,Y
mathech01,2.6068,0.2337,Y
johnswa01,2.4909,0.2583,Y
speaktr01,3.6554,0.6748,N
youngcy01,3.2244,0.3540,N
sislege01,4.0229,0.6248,N
alexape01,2.5747,0.2191,N
bresnro01,3.0989,0.4716,N
ansonca01,4.0733,0.7911,N
ewingbu01,4.0783,0.8586,N
wadderu01,2.6000,0.1488,N
youngcy01,3.2244,0.3540,N
foxxji01,3.5106,0.7557,N
walshed01,2.3704,0.2026,N
radboch01,3.8086,0.4717,N
kellyki01,4.0509,0.9326,N
grovele01,2.2116,0.1922,N
rusieam01,3.5524,0.4292,N
chaseha01,3.8650,0.5107,N
comisch01,4.1698,0.7151,N
dennyje01,3.9984,0.5772,N
stoveha01,4.1306,1.0040,N
wrighge01,4.8646,1.1252,N
brownmo01,2.3185,0.1886,N
clarkjo01,3.6154,0.4652,N
wagneho01,3.7357,0.6218,N
spaldal01,4.7640,1.0146,N
barnero01,4.7936,1.3988,N
nichoki01,3.2142,0.4206,N
wardjo01,4.1901,0.7715,N
broutda01,4.0114,0.9103,N
dunlafr01,4.1181,0.7865,N
glassja01,4.0495,0.6699,N
willine01,3.7910,0.6736,N
bendech01,2.2623,0.2012,N
allisdo01,4.4245,0.7421,N
battijo01,4.0688,0.4750,N
becklja01,3.9925,0.6706,N
bondto01,4.0471,0.4365,N
burkeje01,4.0760,0.8325,N
keefeti01,3.3706,0.4013,N
kilroma01,3.2182,0.4939,N
lowebo01,3.8856,0.6221,N
mcaleji01,3.8990,0.6069,N
mccarto01,4.0220,0.8384,N
mcveyca01,4.7415,1.0472,N
paborch01,4.2059,0.5941,N
richaha01,4.2389,0.8415,N
tennefr02,3.8089,0.6409,N
vanhage01,4.0428,0.8261,N
wallabo01,3.6164,0.4436,N
whitede01,4.2462,0.7308,N
bradlbi01,3.7166,0.5161,N
marquru01,2.0653,0.1175,N
ruckena01,2.3958,0.1310,N
vanceda01,2.1968,0.1538,N
cummica01,4.3279,0.5992,N
richmle01,4.0558,0.6733,N
speaktr01,3.6554,0.6748,Y
youngcy01,3.2244,0.3540,Y
alexape01,2.5747,0.2191,N
sislege01,4.0229,0.6248,N
wadderu01,2.6000,0.1488,N
walshed01,2.3704,0.2026,N
bresnro01,3.0989,0.4716,N
brownmo01,2.3185,0.1886,N
planked01,2.5508,0.2063,N
chaseha01,3.8650,0.5107,N
bendech01,2.2623,0.2012,N
pennohe01,1.9581,0.1742,N
marquru01,2.0653,0.1175,N
woodjo02,2.8046,0.3822,N
mcginjo01,2.7191,0.2285,N
jossad01,2.7601,0.1554,N
ruckena01,2.3958,0.1310,N
vanceda01,2.1968,0.1538,N
adamsba01,2.1141,0.1639,N
donlimi01,3.6740,0.6378,N
hoopeha01,3.8047,0.6189,N
bradlbi01,3.7166,0.5161,N
tennefr02,3.8089,0.6409,N
griffcl01,2.8454,0.4165,N
altroni01,2.3913,0.2261,N
donovbi01,2.8366,0.3094,N
faberre01,1.8940,0.1463,N
lewisdu01,3.6676,0.4195,N
nehfar01,1.9720,0.1940,N
coombja01,2.4130,0.2674,N
breitte01,3.0134,0.3893,N
burkeje01,4.0760,0.8325,N
chesbja01,2.8066,0.2163,N
falkecy01,2.3223,0.1446,N
gleaski01,3.7904,0.5188,N
grimebu01,2.4288,0.2484,N
kerrdi01,1.9231,0.2797,N
leevesa01,2.5527,0.2314,N
luquedo01,1.8658,0.1717,N
raymobu01,1.9338,0.0882,N
rixeyep01,2.1931,0.1369,N
rudoldi01,2.4577,0.1620,N
rusieam01,3.5524,0.4292,N
veachbo01,3.6551,0.5233,N
wallabo01,3.6164,0.4436,N
wrighge01,4.8646,1.1252,Y
alexape01,2.5747,0.2191,Y
sislege01,4.0229,0.6248,N
wadderu01,2.6000,0.1488,N
walshed01,2.3704,0.2026,N
bresnro01,3.0989,0.4716,N
brownmo01,2.3185,0.1886,N
planked01,2.5508,0.2063,N
pennohe01,1.9581,0.1742,N
mcginjo01,2.7191,0.2285,N
bendech01,2.2623,0.2012,N
jossad01,2.7601,0.1554,N
ruckena01,2.3958,0.1310,N
adamsba01,2.1141,0.1639,N
griffcl01,2.8454,0.4165,N
marquru01,2.0653,0.1175,N
vanceda01,2.1968,0.1538,N
rusieam01,3.5524,0.4292,N
tennefr02,3.8089,0.6409,N
altroni01,2.3913,0.2261,N
wallabo01,3.6164,0.4436,N
woodjo02,2.8046,0.3822,N
donlimi01,3.6740,0.6378,N
lewisdu01,3.6676,0.4195,N
nehfar01,1.9720,0.1940,N
dinnebi01,2.7410,0.2374,N
hoopeha01,3.8047,0.6189,N
kerrdi01,1.9231,0.2797,N
nichoki01,3.2142,0.4206,N
bradlbi01,3.7166,0.5161,N
burkeje01,4.0760,0.8325,N
chesbja01,2.8066,0.2163,N
coombja01,2.4130,0.2674,N
rixeyep01,2.1931,0.1369,N
coaklan01,2.3933,0.0933,N
coopewi01,2.3551,0.2131,N
covelst01,2.3459,0.1552,N
cranddo01,1.7740,0.2180,N
donovbi01,2.8366,0.3094,N
ehmkeho01,2.3520,0.1655,N
faberre01,1.8940,0.1463,N
gleaski01,3.7904,0.5188,N
grimebu01,2.4288,0.2484,N
luquedo01,1.8658,0.1717,N
marbefi01,1.2123,0.1089,N
perduhu01,1.8634,0.1242,N
ricesa01,3.8557,0.6298,N
shockur01,1.9369,0.2160,N
sislege01,4.0229,0.6248,Y
wadderu01,2.6000,0.1488,N
walshed01,2.3704,0.2026,N
bresnro01,3.0989,0.4716,N
brownmo01,2.3185,0.1886,N
bendech01,2.2623,0.2012,N
pennohe01,1.9581,0.1742,N
mcginjo01,2.7191,0.2285,N
jossad01,2.7601,0.1554,N
planked01,2.5508,0.2063,N
griffcl01,2.8454,0.4165,N
vanceda01,2.1968,0.1538,N
ruckena01,2.3958,0.1310,N
adamsba01,2.1141,0.1639,N
dinnebi01,2.7410,0.2374,N
nichoki01,3.2142,0.4206,N
altroni01,2.3913,0.2261,N
chesbja01,2.8066,0.2163,N
lewisdu01,3.6676,0.4195,N
rusieam01,3.5524,0.4292,N
donlimi01,3.6740,0.6378,N
hoopeha01,3.8047,0.6189,N
kerrdi01,1.9231,0.2797,N
wallabo01,3.6164,0.4436,N
marquru01,2.0653,0.1175,N
faberre01,1.8940,0.1463,N
tennefr02,3.8089,0.6409,N
donovbi01,2.8366,0.3094,N
ewingbu01,4.0783,0.8586,N
woodjo02,2.8046,0.3822,N
bradlbi01,3.7166,0.5161,N
coopewi01,2.3551,0.2131,N
frasech01,2.8734,0.2926,N
gleaski01,3.7904,0.5188,N
grimebu01,2.4288,0.2484,N
hahnno01,2.9959,0.2664,N
haineje01,2.0071,0.1357,N
hoytwa01,1.9095,0.1424,N
jonessa01,1.7433,0.2118,N
luquedo01,1.8658,0.1717,N
nehfar01,1.9720,0.1940,N
peitzhe01,3.3395,0.4311,N
perduhu01,1.8634,0.1242,N
phillde01,2.5995,0.2546,N
schacal01,0.9623,0.1698,N
shockur01,1.9369,0.2160,N
ansonca01,4.0733,0.7911,Y
comisch01,4.1698,0.7151,Y
cummica01,4.3279,0.5992,Y
ewingbu01,4.0783,0.8586,Y
radboch01,3.8086,0.4717,Y
spaldal01,4.7640,1.0146,Y
wadderu01,2.6000,0.1488,N
walshed01,2.3704,0.2026,N
pennohe01,1.9581,0.1742,N
griffcl01,2.8454,0.4165,N
brownmo01,2.3185,0.1886,N
planked01,2.5508,0.2063,N
mcginjo01,2.7191,0.2285,N
bresnro01,3.0989,0.4716,N
bendech01,2.2623,0.2012,N
vanceda01,2.1968,0.1538,N
jossad01,2.7601,0.1554,N
ruckena01,2.3958,0.1310,N
adamsba01,2.1141,0.1639,N
nichoki01,3.2142,0.4206,N
burkeje01,4.0760,0.8325,N
martipe01,3.4626,0.6341,N
wallabo01,3.6164,0.4436,N
becklja01,3.9925,0.6706,N
bradlbi01,3.7166,0.5161,N
dinnebi01,2.7410,0.2374,N
dunnja01,3.3102,0.4020,N
faberre01,1.8940,0.1463,N
hoytwa01,1.9095,0.1424,N
kerrdi01,1.9231,0.2797,N
lowebo01,3.8856,0.6221,N
phillde01,2.5995,0.2546,N
rusieam01,3.5524,0.4292,N
schaege01,3.2904,0.4322,N
tennefr02,3.8089,0.6409,N
woodjo02,2.8046,0.3822,N
wadderu01,2.6000,0.1488,N
walshed01,2.3704,0.2026,N
bresnro01,3.0989,0.4716,N
griffcl01,2.8454,0.4165,N
brownmo01,2.3185,0.1886,N
pennohe01,1.9581,0.1742,N
mcginjo01,2.7191,0.2285,N
bendech01,2.2623,0.2012,N
planked01,2.5508,0.2063,N
grovele01,2.2116,0.1922,N
hubbeca01,2.4075,0.1776,N
jossad01,2.7601,0.1554,N
vanceda01,2.1968,0.1538,N
deandi01,2.2062,0.2338,N
ruckena01,2.3958,0.1310,N
adamsba01,2.1141,0.1639,N
gomezle01,2.4565,0.1603,N
nichoki01,3.2142,0.4206,N
lyonste01,2.2170,0.2298,N
donovbi01,2.8366,0.3094,N
wallabo01,3.6164,0.4436,N
burkeje01,4.0760,0.8325,N
lowebo01,3.8856,0.6221,N
phillde01,2.5995,0.2546,N
camniho01,2.0767,0.1288,N
dinnebi01,2.7410,0.2374,N
donlimi01,3.6740,0.6378,N
dunnja01,3.3102,0.4020,N
gleaski01,3.7904,0.5188,N
kerrdi01,1.9231,0.2797,N
lewisdu01,3.6676,0.4195,N
martipe01,3.4626,0.6341,N
mungova01,1.9195,0.1366,N
rixeyep01,2.1931,0.1369,N
rootch01,1.7184,0.1361,N
rusieam01,3.5524,0.4292,N
seymocy01,3.7186,0.4823,N
tanneje01,2.7866,0.3735,N
vandejo01,1.7932,0.1518,N
bresnro01,3.0989,0.4716,Y
broutda01,4.0114,0.9103,Y
kellyki01,4.0509,0.9326,Y
orourji01,4.2546,0.8649,Y
wadderu01,2.6000,0.1488,N
walshed01,2.3704,0.2026,N
walshed01,2.3704,0.2026,N
hubbeca01,2.4075,0.1776,N
wadderu01,2.6000,0.1488,N
griffcl01,2.8454,0.4165,N
hubbeca01,2.4075,0.1776,N
griffcl01,2.8454,0.4165,N
grovele01,2.2116,0.1922,N
grovele01,2.2116,0.1922,N
brownmo01,2.3185,0.1886,N
mcginjo01,2.7191,0.2285,N
brownmo01,2.3185,0.1886,N
mcginjo01,2.7191,0.2285,N
deandi01,2.2062,0.2338,N
pennohe01,1.9581,0.1742,N
deandi01,2.2062,0.2338,N
bendech01,2.2623,0.2012,N
bendech01,2.2623,0.2012,N
planked01,2.5508,0.2063,N
vanceda01,2.1968,0.1538,N
foxxji01,3.5106,0.7557,N
pennohe01,1.9581,0.1742,N
jossad01,2.7601,0.1554,N
ruckena01,2.3958,0.1310,N
adamsba01,2.1141,0.1639,N
marquru01,2.0653,0.1175,N
woodjo02,2.8046,0.3822,N
donovbi01,2.8366,0.3094,N
gomezle01,2.4565,0.1603,N
lyonste01,2.2170,0.2298,N
burkeje01,4.0760,0.8325,N
coombja01,2.4130,0.2674,N
bradlbi01,3.7166,0.5161,N
chesbja01,2.8066,0.2163,N
clarkjo01,3.6154,0.4652,N
dinnebi01,2.7410,0.2374,N
dunnja01,3.3102,0.4020,N
hoytwa01,1.9095,0.1424,N
martipe01,3.4626,0.6341,N
nichoki01,3.2142,0.4206,N
phillde01,2.5995,0.2546,N
sparktu01,2.5495,0.1438,N
tanneje01,2.7866,0.3735,N
tennefr01,3.7568,0.4865,N
burkeje01,4.0760,0.8325,Y
chesbja01,2.8066,0.2163,Y
griffcl01,2.8454,0.4165,Y
mccarto01,4.0220,0.8384,Y
mcginjo01,2.7191,0.2285,Y
planked01,2.5508,0.2063,Y
wadderu01,2.6000,0.1488,Y
walshed01,2.3704,0.2026,Y
hubbeca01,2.4075,0.1776,Y
grovele01,2.2116,0.1922,Y
deandi01,2.2062,0.2338,N
pennohe01,1.9581,0.1742,N
bendech01,2.2623,0.2012,N
vanceda01,2.1968,0.1538,N
woodjo02,2.8046,0.3822,N
adamsba01,2.1141,0.1639,N
marquru01,2.0653,0.1175,N
foxxji01,3.5106,0.7557,N
rixeyep01,2.1931,0.1369,N
dyered01,1.2171,0.2403,N
gelbech01,3.2751,0.4543,N
gomezle01,2.4565,0.1603,N
haineje01,2.0071,0.1357,N
kellyge01,3.6948,0.5049,N
pennohe01,1.9581,0.1742,Y
foxxji01,3.5106,0.7557,N
deandi01,2.2062,0.2338,N
vanceda01,2.1968,0.1538,N
gomezle01,2.4565,0.1603,N
lyonste01,2.2170,0.2298,N
grimebu01,2.4288,0.2484,N
hoytwa01,1.9095,0.1424,N
martipe01,3.4626,0.6341,N
marquru01,2.0653,0.1175,N
bendech01,2.2623,0.2012,N
dykesji01,3.5259,0.4855,N
rixeyep01,2.1931,0.1369,N
woodjo02,2.8046,0.3822,N
adamsba01,2.1141,0.1639,N
odoulle01,3.3649,0.6433,N
ruffire01,2.1961,0.2347,N
earnsge01,2.2069,0.1912,N
faberre01,1.8940,0.1463,N
rommeed01,1.6292,0.1578,N
rootch01,1.7184,0.1361,N
coombja01,2.4130,0.2674,N
coopewi01,2.3551,0.2131,N
covelst01,2.3459,0.1552,N
fitzsfr01,2.2515,0.2183,N
haineje01,2.0071,0.1357,N
hoopeha01,3.8047,0.6189,N
kellyge01,3.6948,0.5049,N
quinnja01,1.7497,0.1167,N
schacal01,0.9623,0.1698,N
cadorle01,2.2902,0.1451,N
derripa01,2.1762,0.1209,N
ferrewe01,2.1460,0.3193,N
fonsele01,3.6329,0.5528,N
hallabi01,1.6982,0.1311,N
kremera01,2.2233,0.1845,N
mulcahu01,1.7399,0.1076,N
mungova01,1.9195,0.1366,N
oeschjo01,1.6366,0.0929,N
ricesa01,3.8557,0.6298,N
schumha02,1.9911,0.2222,N
sherdbi01,1.7486,0.1749,N
shockur01,1.9369,0.2160,N
smithsh01,1.8609,0.1549,N
foxxji01,3.5106,0.7557,N
deandi01,2.2062,0.2338,N
foxxji01,3.5106,0.7557,N
deandi01,2.2062,0.2338,N
vanceda01,2.1968,0.1538,N
lyonste01,2.2170,0.2298,N
ruffire01,2.1961,0.2347,N
gomezle01,2.4565,0.1603,N
martipe01,3.4626,0.6341,N
vanceda01,2.1968,0.1538,N
lyonste01,2.2170,0.2298,N
grimebu01,2.4288,0.2484,N
dykesji01,3.5259,0.4855,N
hoytwa01,1.9095,0.1424,N
faberre01,1.8940,0.1463,N
adamsba01,2.1141,0.1639,N
coopewi01,2.3551,0.2131,N
hardeme01,2.0599,0.1524,N
marquru01,2.0653,0.1175,N
odoulle01,3.3649,0.6433,N
rixeyep01,2.1931,0.1369,N
ruffire01,2.1961,0.2347,N
covelst01,2.3459,0.1552,N
ricesa01,3.8557,0.6298,N
bendech01,2.2623,0.2012,N
earnsge01,2.2069,0.1912,N
fitzsfr01,2.2515,0.2183,N
gelbech01,3.2751,0.4543,N
haineje01,2.0071,0.1357,N
lucasre01,1.5865,0.1709,N
rommeed01,1.6292,0.1578,N
shockur01,1.9369,0.2160,N
warnelo01,2.0959,0.1895,N
chapmbe01,3.7729,0.6663,N
ehmkeho01,2.3520,0.1655,N
ferrewe01,2.1460,0.3193,N
kellyge01,3.6948,0.5049,N
kerrdi01,1.9231,0.2797,N
nehfar01,1.9720,0.1940,N
pruethu01,1.0047,0.0427,N
ringji01,2.0895,0.1509,N
rootch01,1.7184,0.1361,N
sherdbi01,1.7486,0.1749,N
toneyfr01,2.2143,0.1190,N
brownmo01,2.3185,0.1886,Y
nichoki01,3.2142,0.4206,Y
foxxji01,3.5106,0.7557,N
deandi01,2.2062,0.2338,N
vanceda01,2.1968,0.1538,N
lyonste01,2.2170,0.2298,N
gomezle01,2.4565,0.1603,N
ruffire01,2.1961,0.2347,N
haineje01,2.0071,0.1357,N
hoytwa01,1.9095,0.1424,N
faberre01,1.8940,0.1463,N
odoulle01,3.3649,0.6433,N
martipe01,3.4626,0.6341,N
adamsba01,2.1141,0.1639,N
bendech01,2.2623,0.2012,N
grimebu01,2.4288,0.2484,N
rixeyep01,2.1931,0.1369,N
waltebu01,2.7497,0.3175,N
chandsp01,2.5972,0.2512,N
dykesji01,3.5259,0.4855,N
earnsge01,2.2069,0.1912,N
fonsele01,3.6329,0.5528,N
hardeme01,2.0599,0.1524,N
hoopeha01,3.8047,0.6189,N
nehfar01,1.9720,0.1940,N
covelst01,2.3459,0.1552,N
derripa01,2.1762,0.1209,N
fitzsfr01,2.2515,0.2183,N
gelbech01,3.2751,0.4543,N
lucasre01,1.5865,0.1709,N
luquedo01,1.8658,0.1717,N
marbefi01,1.2123,0.1089,N
moorete01,3.6210,0.5539,N
pruethu01,1.0047,0.0427,N
ricesa01,3.8557,0.6298,N
rommeed01,1.6292,0.1578,N
rootch01,1.7184,0.1361,N
sherdbi01,1.7486,0.1749,N
woodjo02,2.8046,0.3822,N
foxxji01,3.5106,0.7557,Y
deandi01,2.2062,0.2338,N
lyonste01,2.2170,0.2298,N
vanceda01,2.1968,0.1538,N
bendech01,2.2623,0.2012,N
gomezle01,2.4565,0.1603,N
martipe01,3.4626,0.6341,N
hoytwa01,1.9095,0.1424,N
odoulle01,3.3649,0.6433,N
adamsba01,2.1141,0.1639,N
ruffire01,2.1961,0.2347,N
faberre01,1.8940,0.1463,N
grimebu01,2.4288,0.2484,N
rixeyep01,2.1931,0.1369,N
woodjo02,2.8046,0.3822,N
nehfar01,1.9720,0.1940,N
schacal01,0.9623,0.1698,N
dykesji01,3.5259,0.4855,N
hoopeha01,3.8047,0.6189,N
kerrdi01,1.9231,0.2797,N
marquru01,2.0653,0.1175,N
lewisdu01,3.6676,0.4195,N
chandsp01,2.5972,0.2512,N
coombja01,2.4130,0.2674,N
coopewi01,2.3551,0.2131,N
derripa01,2.1762,0.1209,N
ehmkeho01,2.3520,0.1655,N
gelbech01,3.2751,0.4543,N
hardeme01,2.0599,0.1524,N
paigesa01,0.6927,0.0112,N
pruethu01,1.0047,0.0427,N
ricesa01,3.8557,0.6298,N
rommeed01,1.6292,0.1578,N
rudoldi01,2.4577,0.1620,N
sherdbi01,1.7486,0.1749,N
deandi01,2.2062,0.2338,N
vanceda01,2.1968,0.1538,N
lyonste01,2.2170,0.2298,N
bendech01,2.2623,0.2012,N
martipe01,3.4626,0.6341,N
gomezle01,2.4565,0.1603,N
odoulle01,3.3649,0.6433,N
hoytwa01,1.9095,0.1424,N
lewisdu01,3.6676,0.4195,N
hardeme01,2.0599,0.1524,N
ruffire01,2.1961,0.2347,N
adamsba01,2.1141,0.1639,N
faberre01,1.8940,0.1463,N
grimebu01,2.4288,0.2484,N
kerrdi01,1.9231,0.2797,N
marquru01,2.0653,0.1175,N
dykesji01,3.5259,0.4855,N
nehfar01,1.9720,0.1940,N
rixeyep01,2.1931,0.1369,N
waltebu01,2.7497,0.3175,N
coopewi01,2.3551,0.2131,N
rommeed01,1.6292,0.1578,N
chapmbe01,3.7729,0.6663,N
ehmkeho01,2.3520,0.1655,N
luquedo01,1.8658,0.1717,N
pruethu01,1.0047,0.0427,N
ricesa01,3.8557,0.6298,N
deandi01,2.2062,0.2338,Y
vanceda01,2.1968,0.1538,N
lyonste01,2.2170,0.2298,N
bendech01,2.2623,0.2012,N
martipe01,3.4626,0.6341,N
gomezle01,2.4565,0.1603,N
ruffire01,2.1961,0.2347,N
lewisdu01,3.6676,0.4195,N
marquru01,2.0653,0.1175,N
adamsba01,2.1141,0.1639,N
hoytwa01,1.9095,0.1424,N
kerrdi01,1.9231,0.2797,N
odoulle01,3.3649,0.6433,N
waltebu01,2.7497,0.3175,N
coopewi01,2.3551,0.2131,N
faberre01,1.8940,0.1463,N
grimebu01,2.4288,0.2484,N
hardeme01,2.0599,0.1524,N
dykesji01,3.5259,0.4855,N
haineje01,2.0071,0.1357,N
nehfar01,1.9720,0.1940,N
ehmkeho01,2.3520,0.1655,N
ricesa01,3.8557,0.6298,N
rixeyep01,2.1931,0.1369,N
altroni01,2.3913,0.2261,N
luquedo01,1.8658,0.1717,N
moorete01,3.6210,0.5539,N
pruethu01,1.0047,0.0427,N
rommeed01,1.6292,0.1578,N
schaege01,3.2904,0.4322,N
sherdbi01,1.7486,0.1749,N
bendech01,2.2623,0.2012,Y
wallabo01,3.6164,0.4436,Y
wrighha01,4.5333,1.0167,Y
lyonste01,2.2170,0.2298,N
vanceda01,2.1968,0.1538,N
gomezle01,2.4565,0.1603,N
ruffire01,2.1961,0.2347,N
lewisdu01,3.6676,0.4195,N
marquru01,2.0653,0.1175,N
hoytwa01,1.9095,0.1424,N
adamsba01,2.1141,0.1639,N
kerrdi01,1.9231,0.2797,N
faberre01,1.8940,0.1463,N
ricesa01,3.8557,0.6298,N
coopewi01,2.3551,0.2131,N
nehfar01,1.9720,0.1940,N
haineje01,2.0071,0.1357,N
rixeyep01,2.1931,0.1369,N
ehmkeho01,2.3520,0.1655,N
altroni01,2.3913,0.2261,N
lyonste01,2.2170,0.2298,Y
vanceda01,2.1968,0.1538,Y
gomezle01,2.4565,0.1603,N
ruffire01,2.1961,0.2347,N
marquru01,2.0653,0.1175,N
lewisdu01,3.6676,0.4195,N
hoytwa01,1.9095,0.1424,N
ricesa01,3.8557,0.6298,N
faberre01,1.8940,0.1463,N
kerrdi01,1.9231,0.2797,N
adamsba01,2.1141,0.1639,N
coopewi01,2.3551,0.2131,N
haineje01,2.0071,0.1357,N
rixeyep01,2.1931,0.1369,N
nehfar01,1.9720,0.1940,N
grimebu01,2.4288,0.2484,N
earnsge01,2.2069,0.1912,N
allenjo02,1.9616,0.2247,N
derripa01,2.1762,0.1209,N
dykesji01,3.5259,0.4855,N
jonessa01,1.7433,0.2118,N
schumha02,1.9911,0.2222,N
sherdbi01,1.7486,0.1749,N
ruffire01,2.1961,0.2347,N
gomezle01,2.4565,0.1603,N
ricesa01,3.8557,0.6298,N
hoytwa01,1.9095,0.1424,N
faberre01,1.8940,0.1463,N
rixeyep01,2.1931,0.1369,N
grimebu01,2.4288,0.2484,N
haineje01,2.0071,0.1357,N
derripa01,2.1762,0.1209,N
ehmkeho01,2.3520,0.1655,N
ferrewe01,2.1460,0.3193,N
martipe01,3.4626,0.6341,N
odoulle01,3.3649,0.6433,N
waltebu01,2.7497,0.3175,N
cramedo01,4.0822,0.6061,N
bridgto01,2.3656,0.1958,N
earnsge01,2.2069,0.1912,N
fitzsfr01,2.2515,0.2183,N
vandejo01,1.7932,0.1518,N
bushgu01,1.6324,0.1048,N
coopemo01,2.2020,0.1684,N
fonsele01,3.6329,0.5528,N
kellyge01,3.6948,0.5049,N
schumha02,1.9911,0.2222,N
tobinji01,2.0101,0.2045,N
altroni01,2.3913,0.2261,N
chandsp01,2.5972,0.2512,N
dinnebi01,2.7410,0.2374,N
dykesji01,3.5259,0.4855,N
hallabi01,1.6982,0.1311,N
jonessa01,1.7433,0.2118,N
luquedo01,1.8658,0.1717,N
quinnja01,1.7497,0.1167,N
reynoal01,1.8042,0.1179,N
schacal01,0.9623,0.1698,N
sherdbi01,1.7486,0.1749,N
turneji01,1.6765,0.1345,N
uhlege01,1.8837,0.2382,N
whiteea01,2.3558,0.1953,N
ruffire01,2.1961,0.2347,N
ricesa01,3.8557,0.6298,N
gomezle01,2.4565,0.1603,N
grimebu01,2.4288,0.2484,N
faberre01,1.8940,0.1463,N
martipe01,3.4626,0.6341,N
hoytwa01,1.9095,0.1424,N
vandejo01,1.7932,0.1518,N
covelst01,2.3459,0.1552,N
waltebu01,2.7497,0.3175,N
rixeyep01,2.1931,0.1369,N
odoulle01,3.3649,0.6433,N
dykesji01,3.5259,0.4855,N
haineje01,2.0071,0.1357,N
altroni01,2.3913,0.2261,N
fitzsfr01,2.2515,0.2183,N
derripa01,2.1762,0.1209,N
luquedo01,1.8658,0.1717,N
nehfar01,1.9720,0.1940,N
moorete01,3.6210,0.5539,N
rowesc01,1.8513,0.2363,N
bridgto01,2.3656,0.1958,N
ferrewe01,2.1460,0.3193,N
quinnja01,1.7497,0.1167,N
ehmkeho01,2.3520,0.1655,N
rommeed01,1.6292,0.1578,N
hardeme01,2.0599,0.1524,N
maysca01,2.1614,0.2251,N
rootch01,1.7184,0.1361,N
bushjo01,2.1325,0.2203,N
groveor01,1.8019,0.1111,N
marbefi01,1.2123,0.1089,N
shockur01,1.9369,0.2160,N
uhlege01,1.8837,0.2382,N
coopemo01,2.2020,0.1684,N
doakbi01,1.9978,0.0883,N
fonsele01,3.6329,0.5528,N
cramedo01,4.0822,0.6061,N
kellyge01,3.6948,0.5049,N
kremera01,2.2233,0.1845,N
meadole01,2.2430,0.1606,N
mungova01,1.9195,0.1366,N
sherdbi01,1.7486,0.1749,N
warnelo01,2.0959,0.1895,N
whiteea01,2.3558,0.1953,N
bentola01,1.5974,0.1169,N
crowdal01,2.1017,0.1638,N
daviscu01,1.8107,0.1559,N
ellioju01,1.6443,0.1028,N
hallabi01,1.6982,0.1311,N
kressre01,3.6571,0.4968,N
lucasre01,1.5865,0.1709,N
pearsmo01,2.2800,0.2578,N
schumha02,1.9911,0.2222,N
scottja01,1.6667,0.1642,N
sewelri01,1.7730,0.1915,N
spahnwa01,2.3908,0.1801,N
walberu01,1.6545,0.1426,N
wyattwh01,1.6585,0.1448,N
zachato01,2.0549,0.1447,N
ricesa01,3.8557,0.6298,N
rixeyep01,2.1931,0.1369,N
grimebu01,2.4288,0.2484,N
ruffire01,2.1961,0.2347,N
faberre01,1.8940,0.1463,N
gomezle01,2.4565,0.1603,N
odoulle01,3.3649,0.6433,N
vandejo01,1.7932,0.1518,N
hoytwa01,1.9095,0.1424,N
martipe01,3.4626,0.6341,N
dykesji01,3.5259,0.4855,N
reynoal01,1.8042,0.1179,N
haineje01,2.0071,0.1357,N
waltebu01,2.7497,0.3175,N
altroni01,2.3913,0.2261,N
fitzsfr01,2.2515,0.2183,N
ehmkeho01,2.3520,0.1655,N
hardeme01,2.0599,0.1524,N
rommeed01,1.6292,0.1578,N
schumha02,1.9911,0.2222,N
derripa01,2.1762,0.1209,N
ferrewe01,2.1460,0.3193,N
brechha01,2.0966,0.1495,N
groveor01,1.8019,0.1111,N
moorete01,3.6210,0.5539,N
grovele01,2.2116,0.1922,N
newsobo01,2.1954,0.1412,N
kellyge01,3.6948,0.5049,N
bridgto01,2.3656,0.1958,N
luquedo01,1.8658,0.1717,N
uhlege01,1.8837,0.2382,N
warnelo01,2.0959,0.1895,N
whiteha01,0.7567,0.0445,N
fonsele01,3.6329,0.5528,N
kressre01,3.6571,0.4968,N
rowesc01,1.8513,0.2363,N
whiteea01,2.3558,0.1953,N
hallabi01,1.6982,0.1311,N
leonadu02,1.6469,0.0828,N
marbefi01,1.2123,0.1089,N
mungova01,1.9195,0.1366,N
quinnja01,1.7497,0.1167,N
rootch01,1.7184,0.1361,N
sherdbi01,1.7486,0.1749,N
coopemo01,2.2020,0.1684,N
cramedo01,4.0822,0.6061,N
crowdal01,2.1017,0.1638,N
jossad01,2.7601,0.1554,N
roepr01,1.8619,0.1111,N
walberu01,1.6545,0.1426,N
zachato01,2.0549,0.1447,N
fellebo01,2.2491,0.1737,Y
ricesa01,3.8557,0.6298,N
ruffire01,2.1961,0.2347,N
rixeyep01,2.1931,0.1369,N
grimebu01,2.4288,0.2484,N
faberre01,1.8940,0.1463,N
gomezle01,2.4565,0.1603,N
hoytwa01,1.9095,0.1424,N
reynoal01,1.8042,0.1179,N
odoulle01,3.3649,0.6433,N
hardeme01,2.0599,0.1524,N
dykesji01,3.5259,0.4855,N
martipe01,3.4626,0.6341,N
whiteea01,2.3558,0.1953,N
vandejo01,1.7932,0.1518,N
waltebu01,2.7497,0.3175,N
newhoha01,2.0305,0.1443,N
haineje01,2.0071,0.1357,N
newsobo01,2.1954,0.1412,N
chandsp01,2.5972,0.2512,N
marbefi01,1.2123,0.1089,N
warnelo01,2.0959,0.1895,N
bridgto01,2.3656,0.1958,N
cramedo01,4.0822,0.6061,N
ferrewe01,2.1460,0.3193,N
fitzsfr01,2.2515,0.2183,N
hutchfr01,1.8362,0.2006,N
kellyge01,3.6948,0.5049,N
moorete01,3.6210,0.5539,N
raschvi01,2.2602,0.1673,N
roepr01,1.8619,0.1111,N
sainjo01,1.7875,0.1594,N
schumha02,1.9911,0.2222,N
sewelri01,1.7730,0.1915,N
clarkjo01,3.6154,0.4652,Y
ricesa01,3.8557,0.6298,Y
rixeyep01,2.1931,0.1369,Y
ruffire01,2.1961,0.2347,N
ruffire01,2.1961,0.2347,N
hardeme01,2.0599,0.1524,N
vandejo01,1.7932,0.1518,N
reynoal01,1.8042,0.1179,N
waltebu01,2.7497,0.3175,N
newhoha01,2.0305,0.1443,N
lemonbo01,1.9236,0.2407,N
vandejo01,1.7932,0.1518,N
martipe01,3.4626,0.6341,N
newsobo01,2.1954,0.1412,N
bridgto01,2.3656,0.1958,N
moorete01,3.6210,0.5539,N
hardeme01,2.0599,0.1524,N
maglisa01,1.8520,0.0954,N
warnelo01,2.0959,0.1895,N
cramedo01,4.0822,0.6061,N
hutchfr01,1.8362,0.2006,N
schumha02,1.9911,0.2222,N
raschvi01,2.2602,0.1673,N
waltebu01,2.7497,0.3175,N
chandsp01,2.5972,0.2512,N
reynoal01,1.8042,0.1179,N
martipe01,3.4626,0.6341,N
truckvi01,1.8356,0.1219,N
kindeel01,0.9174,0.0702,N
sainjo01,1.7875,0.1594,N
lemonbo01,1.9236,0.2407,N
newhoha01,2.0305,0.1443,N
houttar01,1.5545,0.1121,N
gromest01,1.3404,0.1234,N
kuzavbo01,1.1963,0.0981,N
sewelri01,1.7730,0.1915,N
troutdi01,1.7963,0.1850,N
bridgto01,2.3656,0.1958,N
newsobo01,2.1954,0.1412,N
faberre01,1.8940,0.1463,Y
grimebu01,2.4288,0.2484,Y
keefeti01,3.3706,0.4013,Y
wardjo01,4.1901,0.7715,Y
galvipu01,3.7592,0.3803,Y
willite01,3.3621,0.7845,Y
ruffire01,2.1961,0.2347,N
vandejo01,1.7932,0.1518,N
reynoal01,1.8042,0.1179,N
waltebu01,2.7497,0.3175,N
hardeme01,2.0599,0.1524,N
newhoha01,2.0305,0.1443,N
newsobo01,2.1954,0.1412,N
lemonbo01,1.9236,0.2407,N
darkal01,3.9491,0.5821,N
bridgto01,2.3656,0.1958,N
newcodo01,1.9425,0.2080,N
erskica01,1.6333,0.1417,N
grissma01,0.5309,0.0253,N
martimo01,0.6600,0.0600,N
hearnji01,1.3598,0.1092,N
portebo01,1.6025,0.1056,N
ruffire01,2.1961,0.2347,Y
ruffire01,2.1961,0.2347,N
vandejo01,1.7932,0.1518,N
reynoal01,1.8042,0.1179,N
waltebu01,2.7497,0.3175,N
newhoha01,2.0305,0.1443,N
hardeme01,2.0599,0.1524,N
darkal01,3.9491,0.5821,N
lemonbo01,1.9236,0.2407,N
vandejo01,1.7932,0.1518,N
waltebu01,2.7497,0.3175,N
newsobo01,2.1954,0.1412,N
reynoal01,1.8042,0.1179,N
newcodo01,1.9425,0.2080,N
hardeme01,2.0599,0.1524,N
newhoha01,2.0305,0.1443,N
darkal01,3.9491,0.5821,N
lemonbo01,1.9236,0.2407,N
newsobo01,2.1954,0.1412,N
moorete01,3.6210,0.5539,N
newcodo01,1.9425,0.2080,N
garvene01,1.8057,0.1900,N
hearnji01,1.3598,0.1092,N
reynoal01,1.8042,0.1179,N
vandejo01,1.7932,0.1518,N
newhoha01,2.0305,0.1443,N
waltebu01,2.7497,0.3175,N
lemonbo01,1.9236,0.2407,N
darkal01,3.9491,0.5821,N
moorete01,3.6210,0.5539,N
newsobo01,2.1954,0.1412,N
maglisa01,1.8520,0.0954,N
erskica01,1.6333,0.1417,N
newcodo01,1.9425,0.2080,N
sainjo01,1.7875,0.1594,N
rowesc01,1.8513,0.2363,N
blackew01,1.8692,0.1308,N
leonadu02,1.6469,0.0828,N
brechha01,2.0966,0.1495,N
lopated01,2.4846,0.2437,N
roepr01,1.8619,0.1111,N
raschvi01,2.2602,0.1673,N
musiast01,3.6259,0.6441,Y
reynoal01,1.8042,0.1179,N
vandejo01,1.7932,0.1518,N
wynnea01,2.1407,0.1709,N
newhoha01,2.0305,0.1443,N
lemonbo01,1.9236,0.2407,N
darkal01,3.9491,0.5821,N
newsobo01,2.1954,0.1412,N
waltebu01,2.7497,0.3175,N
rowesc01,1.8513,0.2363,N
blackew01,1.8692,0.1308,N
sainjo01,1.7875,0.1594,N
erskica01,1.6333,0.1417,N
leonadu02,1.6469,0.0828,N
coopemo01,2.2020,0.1684,N
newcodo01,1.9425,0.2080,N
raschvi01,2.2602,0.1673,N
brechha01,2.0966,0.1495,N
lopated01,2.4846,0.2437,N
covelst01,2.3459,0.1552,Y
hoytwa01,1.9095,0.1424,Y
wynnea01,2.1407,0.1709,N
reynoal01,1.8042,0.1179,N
vandejo01,1.7932,0.1518,N
newhoha01,2.0305,0.1443,N
lemonbo01,1.9236,0.2407,N
darkal01,3.9491,0.5821,N
waltebu01,2.7497,0.3175,N
blackew01,1.8692,0.1308,N
newsobo01,2.1954,0.1412,N
sainjo01,1.7875,0.1594,N
shantbo01,0.9481,0.1038,N
leonadu02,1.6469,0.0828,N
newcodo01,1.9425,0.2080,N
piercbi02,1.7890,0.1526,N
brechha01,2.0966,0.1495,N
erskica01,1.6333,0.1417,N
lopated01,2.4846,0.2437,N
roepr01,1.8619,0.1111,N
haineje01,2.0071,0.1357,Y
wynnea01,2.1407,0.1709,N
reynoal01,1.8042,0.1179,N
vandejo01,1.7932,0.1518,N
newhoha01,2.0305,0.1443,N
lemonbo01,1.9236,0.2407,N
darkal01,3.9491,0.5821,N
newsobo01,2.1954,0.1412,N
sainjo01,1.7875,0.1594,N
haddiha01,1.5028,0.1789,N
newcodo01,1.9425,0.2080,N
brechha01,2.0966,0.1495,N
piercbi02,1.7890,0.1526,N
shantbo01,0.9481,0.1038,N
lopated01,2.4846,0.2437,N
erskica01,1.6333,0.1417,N
leonadu02,1.6469,0.0828,N
roepr01,1.8619,0.1111,N
raschvi01,2.2602,0.1673,N
becklja01,3.9925,0.6706,Y
hoopeha01,3.8047,0.6189,Y
marquru01,2.0653,0.1175,Y
paigesa01,0.6927,0.0112,Y
koufasa01,1.9547,0.0655,Y
wynnea01,2.1407,0.1709,Y
lemonbo01,1.9236,0.2407,N
reynoal01,1.8042,0.1179,N
newhoha01,2.0305,0.1443,N
darkal01,3.9491,0.5821,N
newsobo01,2.1954,0.1412,N
sainjo01,1.7875,0.1594,N
haddiha01,1.5028,0.1789,N
shantbo01,0.9481,0.1038,N
newcodo01,1.9425,0.2080,N
brechha01,2.0966,0.1495,N
leonadu02,1.6469,0.0828,N
erskica01,1.6333,0.1417,N
piercbi02,1.7890,0.1526,N
raschvi01,2.2602,0.1673,N
lopated01,2.4846,0.2437,N
roepr01,1.8619,0.1111,N
gomezle01,2.4565,0.1603,Y
spahnwa01,2.3908,0.1801,Y
fordwh01,2.0460,0.1820,N
roberro01,2.2166,0.1555,N
lemonbo01,1.9236,0.2407,N
reynoal01,1.8042,0.1179,N
newhoha01,2.0305,0.1443,N
darkal01,3.9491,0.5821,N
sainjo01,1.7875,0.1594,N
newsobo01,2.1954,0.1412,N
burdele01,1.5180,0.1517,N
newcodo01,1.9425,0.2080,N
lawve01,1.7112,0.1860,N
raschvi01,2.2602,0.1673,N
leonadu02,1.6469,0.0828,N
shantbo01,0.9481,0.1038,N
simmocu01,1.8637,0.1527,N
erskica01,1.6333,0.1417,N
piercbi02,1.7890,0.1526,N
brechha01,2.0966,0.1495,N
haddiha01,1.5028,0.1789,N
kellyge01,3.6948,0.5049,Y
welchmi01,3.6320,0.4422,Y
fordwh01,2.0460,0.1820,Y
roberro01,2.2166,0.1555,N
lemonbo01,1.9236,0.2407,N
reynoal01,1.8042,0.1179,N
newhoha01,2.0305,0.1443,N
darkal01,3.9491,0.5821,N
sainjo01,1.7875,0.1594,N
larsedo01,1.2417,0.1354,N
erskica01,1.6333,0.1417,N
haddiha01,1.5028,0.1789,N
burdele01,1.5180,0.1517,N
newcodo01,1.9425,0.2080,N
lawve01,1.7112,0.1860,N
piercbi02,1.7890,0.1526,N
raschvi01,2.2602,0.1673,N
shantbo01,0.9481,0.1038,N
simmocu01,1.8637,0.1527,N
colavro01,3.5323,0.5274,N
roberro01,2.2166,0.1555,N
lemonbo01,1.9236,0.2407,N
newhoha01,2.0305,0.1443,N
sainjo01,1.7875,0.1594,N
drysddo01,2.1371,0.1755,N
darkal01,3.9491,0.5821,N
raschvi01,2.2602,0.1673,N
larsedo01,1.2417,0.1354,N
burdele01,1.5180,0.1517,N
newcodo01,1.9425,0.2080,N
haddiha01,1.5028,0.1789,N
whitewi01,3.6675,0.4144,N
lawve01,1.7112,0.1860,N
podrejo01,1.6494,0.1320,N
colavro01,3.5323,0.5274,N
roberro01,2.2166,0.1555,Y
lemonbo01,1.9236,0.2407,Y
drysddo01,2.1371,0.1755,N
darkal01,3.9491,0.5821,N
larsedo01,1.2417,0.1354,N
facero01,0.2274,0.0106,N
burdele01,1.5180,0.1517,N
newcodo01,1.9425,0.2080,N
lawve01,1.7112,0.1860,N
haddiha01,1.5028,0.1789,N
whitewi01,3.6675,0.4144,N
podrejo01,1.6494,0.1320,N
drysddo01,2.1371,0.1755,N
bunniji01,2.1215,0.1364,N
burdele01,1.5180,0.1517,N
darkal01,3.9491,0.5821,N
newcodo01,1.9425,0.2080,N
larsedo01,1.2417,0.1354,N
facero01,0.2274,0.0106,N
haddiha01,1.5028,0.1789,N
lawve01,1.7112,0.1860,N
whitewi01,3.6675,0.4144,N
pascuca02,1.7841,0.1310,N
podrejo01,1.6494,0.1320,N
rusieam01,3.5524,0.4292,Y
drysddo01,2.1371,0.1755,N
bunniji01,2.1215,0.1364,N
wilheho01,0.4037,0.0224,N
burdele01,1.5180,0.1517,N
darkal01,3.9491,0.5821,N
newcodo01,1.9425,0.2080,N
larsedo01,1.2417,0.1354,N
facero01,0.2274,0.0106,N
haddiha01,1.5028,0.1789,N
lawve01,1.7112,0.1860,N
malonji01,1.9564,0.1589,N
mclaide01,2.1614,0.1123,N
pascuca02,1.7841,0.1310,N
grantmu01,1.1379,0.1199,N
ramospe01,1.0101,0.1092,N
jossad01,2.7601,0.1554,Y
drysddo01,2.1371,0.1755,N
wilheho01,0.4037,0.0224,N
bunniji01,2.1215,0.1364,N
darkal01,3.9491,0.5821,N
burdele01,1.5180,0.1517,N
larsedo01,1.2417,0.1354,N
newcodo01,1.9425,0.2080,N
facero01,0.2274,0.0106,N
lawve01,1.7112,0.1860,N
haddiha01,1.5028,0.1789,N
perraro01,0.2266,0.0081,N
pappami01,2.0361,0.1366,N
mclaide01,2.1614,0.1123,N
malonji01,1.9564,0.1589,N
shortch02,1.3775,0.0573,N
bolinbo01,0.8528,0.0786,N
culpra01,1.8696,0.1242,N
fisheed02,0.3565,0.0159,N
gladdfr01,0.1400,0.0022,N
stephjo03,0.0000,0.0000,N
drysddo01,2.1371,0.1755,N
wilheho01,0.4037,0.0224,N
bunniji01,2.1215,0.1364,N
burdele01,1.5180,0.1517,N
newcodo01,1.9425,0.2080,N
darkal01,3.9491,0.5821,N
larsedo01,1.2417,0.1354,N
facero01,0.2274,0.0106,N
alouma01,3.4727,0.4679,N
stottme01,2.0464,0.1475,N
blassst01,1.8508,0.1424,N
hickmji02,2.7966,0.3645,N
mcmahdo02,0.1922,0.0092,N
akerja01,0.1855,0.0060,N
barbest01,1.2082,0.0515,N
krausle02,1.0599,0.0689,N
linzyfr01,0.2345,0.0097,N
millebo04,0.4229,0.0113,N
pizarju01,1.3266,0.1452,N
rayji01,0.3786,0.0129,N
richepe01,0.6659,0.0471,N
selmadi01,0.6265,0.0401,N
vealebo01,1.5789,0.0652,N
gibsobo01,2.2282,0.2215,Y
drysddo01,2.1371,0.1755,N
wilheho01,0.4037,0.0224,N
maricju01,2.5705,0.1537,N
bunniji01,2.1215,0.1364,N
burdele01,1.5180,0.1517,N
larsedo01,1.2417,0.1354,N
facero01,0.2274,0.0106,N
perryji01,1.4000,0.1150,N
mcnalda01,1.7200,0.1153,N
osteecl01,1.8690,0.1531,N
mcdanli01,0.3826,0.0192,N
siebeso01,1.6296,0.1284,N
handsbi01,1.2620,0.0508,N
lockebo01,0.5833,0.0714,N
mcdowsa01,1.8042,0.0793,N
maricju01,2.5705,0.1537,N
wilheho01,0.4037,0.0224,N
drysddo01,2.1371,0.1755,N
bunniji01,2.1215,0.1364,N
burdele01,1.5180,0.1517,N
larsedo01,1.2417,0.1354,N
facero01,0.2274,0.0106,N
mcnalda01,1.7200,0.1153,N
mcdanli01,0.3826,0.0192,N
breweji01,0.2389,0.0034,N
osteecl01,1.8690,0.1531,N
siebeso01,1.6296,0.1284,N
tovarce01,3.7426,0.5605,N
maricju01,2.5705,0.1537,Y
wilheho01,0.4037,0.0224,N
drysddo01,2.1371,0.1755,N
bunniji01,2.1215,0.1364,N
burdele01,1.5180,0.1517,N
facero01,0.2274,0.0106,N
larsedo01,1.2417,0.1354,N
perryji01,1.4000,0.1150,N
sadecra01,1.3441,0.1005,N
giustda01,0.6006,0.0423,N
cuellmi01,1.4496,0.0811,N
dierkla01,2.2101,0.1064,N
dobsopa01,0.7657,0.0314,N
downial01,1.7531,0.0880,N
hoernjo01,0.1197,0.0041,N
nolanga01,2.0992,0.1429,N
rojasco01,3.4627,0.3919,N
seguidi01,0.6000,0.0406,N
singebi01,1.2747,0.0617,N
drysddo01,2.1371,0.1755,Y
wilheho01,0.4037,0.0224,N
bunniji01,2.1215,0.1364,N
burdele01,1.5180,0.1517,N
facero01,0.2274,0.0106,N
larsedo01,1.2417,0.1354,N
woodwi01,0.4946,0.0169,N
boutoji01,1.1303,0.0261,N
brilene01,1.0376,0.0642,N
carrocl02,0.2845,0.0233,N
colboji01,0.1821,0.0000,N
wilheho01,0.4037,0.0224,Y
bunniji01,2.1215,0.1364,N
hunteca01,1.2777,0.1165,N
burdele01,1.5180,0.1517,N
lolicmi01,1.3868,0.1064,N
facero01,0.2274,0.0106,N
larsedo01,1.2417,0.1354,N
woodwi01,0.4946,0.0169,N
haddiha01,1.5028,0.1789,N
mcnalda01,1.7200,0.1153,N
holtzke01,1.3311,0.0768,N
lonboji01,1.8075,0.0962,N
messean01,2.0652,0.1388,N
mclaide01,2.1614,0.1123,N
ellisdo01,1.2603,0.1082,N
carrocl02,0.2845,0.0233,N
hunteca01,1.2777,0.1165,N
bunniji01,2.1215,0.1364,N
burdele01,1.5180,0.1517,N
lolicmi01,1.3868,0.1064,N
facero01,0.2274,0.0106,N
larsedo01,1.2417,0.1354,N
woodwi01,0.4946,0.0169,N
mcnalda01,1.7200,0.1153,N
hillejo01,0.1850,0.0037,N
richajr01,2.3096,0.1632,N
holtzke01,1.3311,0.0768,N
lonboji01,1.8075,0.0962,N
messean01,2.0652,0.1388,N
billija01,1.1744,0.0441,N
davalvi01,2.7551,0.3491,N
knowlda01,0.1632,0.0026,N
hunteca01,1.2777,0.1165,Y
bunniji01,2.1215,0.1364,N
burdele01,1.5180,0.1517,N
lolicmi01,1.3868,0.1064,N
facero01,0.2274,0.0106,N
larsedo01,1.2417,0.1354,N
woodwi01,0.4946,0.0169,N
marshmi01,0.2469,0.0152,N
bandosa01,3.4968,0.4864,N
stonest01,0.6441,0.0265,N
bunniji01,2.1215,0.1364,N
tiantlu01,0.8953,0.0628,N
lolicmi01,1.3868,0.1064,N
facero01,0.2274,0.0106,N
lylesp01,0.0868,0.0089,N
larsedo01,1.2417,0.1354,N
woodwi01,0.4946,0.0169,N
leebi03,0.4702,0.0286,N
hraboal01,0.1026,0.0073,N
bahnsst01,0.8330,0.0383,N
grimsro02,1.0202,0.0607,N
jacksgr01,0.3287,0.0279,N
jonesra01,1.8777,0.1160,N
mcgloly01,1.4250,0.0938,N
medicdo01,0.1720,0.0096,N
wiseri01,1.3072,0.1174,N
perryga01,1.3672,0.0610,N
bunniji01,2.1215,0.1364,N
jenkife01,1.3474,0.0812,N
kaatji01,1.2460,0.1165,N
facero01,0.2274,0.0106,N
lolicmi01,1.3868,0.1064,N
tiantlu01,0.8953,0.0628,N
lylesp01,0.0868,0.0089,N
campabe01,3.7302,0.5073,N
woodwi01,0.4946,0.0169,N
barrji01,1.0665,0.0582,N
frymawo01,0.9744,0.0352,N
goltzda01,0.2640,0.0028,N
matlajo01,1.2182,0.0884,N
mayru01,0.6362,0.0224,N
palmeji01,0.8490,0.0903,Y
perryga01,1.3672,0.0610,N
jenkife01,1.3474,0.0812,N
bunniji01,2.1215,0.1364,N
kaatji01,1.2460,0.1165,N
facero01,0.2274,0.0106,N
tiantlu01,0.8953,0.0628,N
lolicmi01,1.3868,0.1064,N
lylesp01,0.0868,0.0089,N
mcgratu01,0.2591,0.0169,N
bibbyji01,0.6129,0.0440,N
torremi01,0.8257,0.0481,N
caldwmi01,0.4528,0.0231,N
splitpa01,0.2814,0.0279,N
tidrodi01,0.1532,0.0097,N
perryga01,1.3672,0.0610,Y
jenkife01,1.3474,0.0812,Y
fingero01,0.1905,0.0106,N
bunniji01,2.1215,0.1364,N
kaatji01,1.2460,0.1165,N
lolicmi01,1.3868,0.1064,N
tiantlu01,0.8953,0.0628,N
lylesp01,0.0868,0.0089,N
koosmje01,1.4951,0.0588,N
hootobu01,1.5551,0.0873,N
bailobo01,3.0754,0.3550,N
gurala01,0.0815,0.0025,N
kisonbr01,1.0412,0.0799,N
rogerst01,2.1700,0.1158,N
zachrpa01,1.0853,0.0307,N
zahnge01,0.1414,0.0099,N
seaveto01,1.9424,0.1462,Y
fingero01,0.1905,0.0106,Y
kaatji01,1.2460,0.1165,N
tiantlu01,0.8953,0.0628,N
lolicmi01,1.3868,0.1064,N
bluevi01,1.0079,0.0728,N
kingmda01,3.4400,0.4642,N
leonade01,0.0000,0.0000,N
dennyjo01,1.7485,0.1350,N
forscke01,0.7351,0.0307,N
vuckope01,0.7273,0.0524,N
newhoha01,2.0305,0.1443,Y
niekrph01,1.7748,0.0924,N
kaatji01,1.2460,0.1165,N
tiantlu01,0.8953,0.0628,N
lolicmi01,1.3868,0.1064,N
bluevi01,1.0079,0.0728,N
campbbi02,0.0371,0.0029,N
carltst01,2.3074,0.1651,Y
niekrph01,1.7748,0.0924,N
suttodo01,1.7248,0.0815,N
suttebr01,0.1543,0.0091,N
kaatji01,1.2460,0.1165,N
tiantlu01,0.8953,0.0628,N
conceda01,3.5060,0.3991,N
guidrro01,0.0000,0.0105,N
lolicmi01,1.3868,0.1064,N
bluevi01,1.0079,0.0728,N
niekrjo01,1.3782,0.0779,N
mcgresc01,0.0000,0.0000,N
sotoma01,1.7492,0.1056,N
niekrph01,1.7748,0.0924,N
suttodo01,1.7248,0.0815,N
suttebr01,0.1543,0.0091,N
kaatji01,1.2460,0.1165,N
johnto01,1.1827,0.0565,N
tiantlu01,0.8953,0.0628,N
conceda01,3.5060,0.3991,N
bluevi01,1.0079,0.0728,N
lolicmi01,1.3868,0.1064,N
guidrro01,0.0000,0.0105,N
tekulke01,0.1152,0.0076,N
forscbo01,1.7544,0.1513,N
hernawi01,0.0843,0.0054,N
krukomi01,1.9461,0.1186,N
alexado01,0.4715,0.0338,N
grossgr01,2.0702,0.2482,N
rhoderi01,1.7822,0.1358,N
willivi01,2.8117,0.2015,Y
niekrph01,1.7748,0.0924,N
suttodo01,1.7248,0.0815,N
suttebr01,0.1543,0.0091,N
johnto01,1.1827,0.0565,N
kaatji01,1.2460,0.1165,N
tiantlu01,0.8953,0.0628,N
conceda01,3.5060,0.3991,N
guidrro01,0.0000,0.0105,N
lolicmi01,1.3868,0.1064,N
quiseda01,0.0089,0.0000,N
reussje01,1.6228,0.1125,N
tudorjo01,1.3287,0.0761,N
kneppbo01,1.8708,0.1047,N
bunniji01,2.1215,0.1364,Y
niekrph01,1.7748,0.0924,Y
suttodo01,1.7248,0.0815,N
suttebr01,0.1543,0.0091,N
kaatji01,1.2460,0.1165,N
johnto01,1.1827,0.0565,N
conceda01,3.5060,0.3991,N
tiantlu01,0.8953,0.0628,N
lolicmi01,1.3868,0.1064,N
guidrro01,0.0000,0.0105,N
reuscri01,1.9257,0.1416,N
scottmi03,1.8764,0.0948,N
lasorto01,0.5185,0.0000,Y
suttodo01,1.7248,0.0815,Y
suttebr01,0.1543,0.0091,N
johnto01,1.1827,0.0565,N
kaatji01,1.2460,0.1165,N
blylebe01,0.6452,0.0272,N
conceda01,3.5060,0.3991,N
tiantlu01,0.8953,0.0628,N
lolicmi01,1.3868,0.1064,N
guidrro01,0.0000,0.0105,N
flanami01,0.0000,0.0000,N
dempsri01,2.6569,0.2973,N
davisge01,3.8138,0.6499,Y
ryanno01,1.0558,0.0496,Y
suttebr01,0.1543,0.0091,N
kaatji01,1.2460,0.1165,N
johnto01,1.1827,0.0565,N
blylebe01,0.6452,0.0272,N
conceda01,3.5060,0.3991,N
tiantlu01,0.8953,0.0628,N
guidrro01,0.0000,0.0105,N
lolicmi01,1.3868,0.1064,N
candejo01,0.9884,0.0647,N
boddimi01,0.0000,0.0058,N
leibrch01,0.6777,0.0178,N
tananfr01,0.0923,0.0047,N
wittmi01,0.0000,0.0000,N
suttebr01,0.1543,0.0091,N
gossari01,0.0847,0.0010,N
johnto01,1.1827,0.0565,N
kaatji01,1.2460,0.1165,N
morrija02,0.0018,0.0070,N
blylebe01,0.6452,0.0272,N
tiantlu01,0.8953,0.0628,N
conceda01,3.5060,0.3991,N
guidrro01,0.0000,0.0105,N
reardje01,0.0648,0.0000,N
sutclri01,1.2060,0.0901,N
houghch01,0.2634,0.0082,N
gullibi01,1.4472,0.0754,N
hurstbr01,0.7211,0.0289,N
welchbo01,1.1192,0.0500,N
suttebr01,0.1543,0.0091,N
gossari01,0.0847,0.0010,N
johnto01,1.1827,0.0565,N
kaatji01,1.2460,0.1165,N
blylebe01,0.6452,0.0272,N
morrija02,0.0018,0.0070,N
conceda01,3.5060,0.3991,N
tiantlu01,0.8953,0.0628,N
stewada01,0.0975,0.0096,N
guidrro01,0.0000,0.0105,N
henketo01,0.0016,0.0000,N
righeda01,0.0153,0.0000,N
bedrost01,0.2090,0.0041,N
brownto05,1.9167,0.1296,N
darliro01,1.3085,0.0970,N
deshaji01,1.4457,0.0504,N
rijojo01,1.1804,0.0663,N
suttebr01,0.1543,0.0091,N
gossari01,0.0847,0.0010,N
johnto01,1.1827,0.0565,N
blylebe01,0.6452,0.0272,N
kaatji01,1.2460,0.1165,N
morrija02,0.0018,0.0070,N
tiantlu01,0.8953,0.0628,N
conceda01,3.5060,0.3991,N
guidrro01,0.0000,0.0105,N
stewada01,0.0975,0.0096,N
violafr01,0.4394,0.0190,N
wallati01,3.6614,0.4105,N
hennemi01,0.0018,0.0000,N
russeje01,0.1337,0.0051,N
sandesc02,0.5466,0.0169,N
suttebr01,0.1543,0.0091,N
smithle02,0.0626,0.0020,N
gossari01,0.0847,0.0010,N
blylebe01,0.6452,0.0272,N
kaatji01,1.2460,0.1165,N
johnto01,1.1827,0.0565,N
morrija02,0.0018,0.0070,N
conceda01,3.5060,0.3991,N
valenfe01,1.9747,0.1181,N
kileda01,1.8049,0.1044,N
fernasi01,1.7557,0.0912,N
honeyri01,0.2272,0.0162,N
davisma01,0.2672,0.0256,N
jacksda02,1.2056,0.0789,N
willimi02,0.0258,0.0032,N
worreto01,0.0438,0.0016,N
eckerde01,0.1687,0.0084,Y
suttebr01,0.1543,0.0091,N
gossari01,0.0847,0.0010,N
smithle02,0.0626,0.0020,N
blylebe01,0.6452,0.0272,N
morrija02,0.0018,0.0070,N
johnto01,1.1827,0.0565,N
conceda01,3.5060,0.3991,N
valenfe01,1.9747,0.1181,N
martide01,0.7482,0.0360,N
stiebda01,0.0044,0.0044,N
keyji01,0.0042,0.0000,N
drabedo01,1.7379,0.1019,N
myersra01,0.0823,0.0069,N
darwida01,0.4224,0.0208,N
tewksbo01,1.2541,0.0660,N
boggswa01,3.7623,0.6201,Y
suttebr01,0.1543,0.0091,N
gossari01,0.0847,0.0010,N
blylebe01,0.6452,0.0272,N
smithle02,0.0626,0.0020,N
morrija02,0.0018,0.0070,N
johnto01,1.1827,0.0565,N
conceda01,3.5060,0.3991,N
abbotji01,0.0798,0.0000,N
mcdowja01,0.0000,0.0000,N
davisch01,3.5603,0.5090,N
candito01,0.6615,0.0243,N
montgje01,0.0029,0.0000,N
langsma01,0.2004,0.0109,N
suttebr01,0.1543,0.0091,Y
gossari01,0.0847,0.0010,N
blylebe01,0.6452,0.0272,N
smithle02,0.0626,0.0020,N
morrija02,0.0018,0.0070,N
johnto01,1.1827,0.0565,N
conceda01,3.5060,0.3991,N
hershor01,1.5577,0.1250,N
goodedw01,1.7074,0.1382,N
gaettga01,3.5704,0.4507,N
wettejo01,0.0680,0.0065,N
aguilri01,0.1886,0.0163,N
jonesdo01,0.0083,0.0000,N
fernaal01,0.4737,0.0263,N
gossari01,0.0847,0.0010,N
blylebe01,0.6452,0.0272,N
smithle02,0.0626,0.0020,N
morrija02,0.0018,0.0070,N
johnto01,1.1827,0.0565,N
conceda01,3.5060,0.3991,N
hershor01,1.5577,0.1250,N
oneilpa01,3.5645,0.5071,N
saberbr01,0.4715,0.0323,N
cansejo01,3.7398,0.6285,N
bonilbo01,3.4136,0.5130,N
wittbo01,0.1461,0.0046,N
gossari01,0.0847,0.0010,Y
blylebe01,0.6452,0.0272,N
smithle02,0.0626,0.0020,N
morrija02,0.0018,0.0070,N
johnto01,1.1827,0.0565,N
conceda01,3.5060,0.3991,N
beckro01,0.0270,0.0000,N
nenro01,0.0233,0.0000,N
finlech01,0.1011,0.0057,N
stottto01,0.6488,0.0617,N
rijojo01,1.1804,0.0663,N
blylebe01,0.6452,0.0272,N
smithle02,0.0626,0.0020,N
morrija02,0.0018,0.0070,N
johnto01,1.1827,0.0565,N
gracema01,3.5924,0.5252,N
coneda01,0.9135,0.0621,N
oroscje01,0.0471,0.0024,N
plesada01,0.0141,0.0000,N
blylebe01,0.6452,0.0272,N
morrija02,0.0018,0.0070,N
smithle02,0.0626,0.0020,N
venturo01,3.3978,0.4839,N
hentgpa01,0.2442,0.0116,N
appieke01,0.2005,0.0097,N
reynosh01,1.7843,0.1111,N
zeileto01,3.5093,0.4569,N
jacksmi02,0.0279,0.0030,N
blylebe01,0.6452,0.0272,Y
morrija02,0.0018,0.0070,N
smithle02,0.0626,0.0020,N
francjo01,0.0304,0.0018,N
brownke01,1.0102,0.0408,N
leiteal01,1.2649,0.0358,N
harrile01,2.0620,0.2417,N
rueteki01,1.7822,0.1261,N
morrija02,0.0018,0.0070,N
smithle02,0.0626,0.0020,N
radkebr01,0.0767,0.0000,N
mulhote01,0.9010,0.0378,N
morrija02,0.0018,0.0070,N
smithle02,0.0626,0.0020,N
schilcu01,1.3538,0.0683,N
clemero02,0.2525,0.0071,N
wellsda01,0.2697,0.0121,N
finlest01,3.6380,0.5587,N
seleaa01,0.1436,0.0124,N
cirilje01,3.3370,0.4947,N
mesajo01,0.0020,0.0010,N
stantmi01,0.0144,0.0000,N
hernaro01,0.0020,0.0000,N
williwo02,1.2190,0.1174,N
odayha01,3.5216,0.3276,Y
whitede01,4.2462,0.7308,Y
maddugr01,2.0962,0.1357,Y
glavito02,1.8660,0.1312,Y
morrija02,0.0018,0.0070,N
clemero02,0.2525,0.0071,N
smithle02,0.0626,0.0020,N
schilcu01,1.3538,0.0683,N
mussimi01,0.0968,0.0056,N
nomohi01,1.4969,0.0679,N
gagneer01,0.2139,0.0124,N
benitar01,0.0105,0.0000,N
rogerke01,0.0865,0.0066,N
timlimi01,0.0066,0.0000,N
jonesto02,0.0193,0.0010,N
johnsra05,1.0097,0.0323,Y
martipe02,0.9099,0.0461,Y
smoltjo01,1.2898,0.1048,Y
schilcu01,1.3538,0.0683,N
clemero02,0.2525,0.0071,N
smithle02,0.0626,0.0020,N
mussimi01,0.0968,0.0056,N
percitr01,0.0071,0.0000,N
gordoto01,0.0022,0.0000,N
guarded01,0.0011,0.0000,N
schmija01,1.8426,0.0895,N
hoffmtr01,0.0329,0.0010,N
schilcu01,1.3538,0.0683,N
clemero02,0.2525,0.0071,N
mussimi01,0.0968,0.0056,N
smithle02,0.0626,0.0020,N
wagnebi02,0.0234,0.0012,N
hamptmi01,1.6183,0.2165,N
hoffmtr01,0.0329,0.0010,N
clemero02,0.2525,0.0071,N
mussimi01,0.0968,0.0056,N
schilcu01,1.3538,0.0683,N
smithle02,0.0626,0.0020,N
wagnebi02,0.0234,0.0012,N
wakefti01,0.1762,0.0063,N
rhodear01,0.0066,0.0000,N
